Changes made at Sat Aug  9 05:58:18 UTC 2025
Changes made at Thu Nov 20 14:07:23 UTC 2025
Changes made at Thu Nov 20 14:15:47 UTC 2025
Changes made at Thu Nov 20 16:20:26 UTC 2025
Changes made at Fri Nov 21 08:21:59 UTC 2025
Changes made at Fri Nov 21 10:16:31 UTC 2025
Changes made at Fri Nov 21 14:15:21 UTC 2025
Changes made at Fri Nov 21 16:19:53 UTC 2025
Changes made at Sat Nov 22 08:18:54 UTC 2025
Changes made at Sat Nov 22 10:14:58 UTC 2025
Changes made at Sat Nov 22 14:12:48 UTC 2025
Changes made at Sat Nov 22 16:17:22 UTC 2025
Changes made at Sun Nov 23 08:19:04 UTC 2025
Changes made at Sun Nov 23 10:14:58 UTC 2025
Changes made at Sun Nov 23 14:13:01 UTC 2025
Changes made at Sun Nov 23 16:17:32 UTC 2025
Changes made at Mon Nov 24 08:23:06 UTC 2025
